{
    "valence": {
        "mean": -0.06784391273308928,
        "std": 1.0577834369286199,
        "var": 1.1189057994405236,
        "min": -2.148097204,
        "max": 1.546714445,
        "median": 0.032223702
    },
    "arousal": {
        "mean": 0.20120560622264153,
        "std": 0.9589794357997322,
        "var": 0.9196415582867726,
        "min": -2.333604153,
        "max": 2.755090781,
        "median": 0.041734726
    },
    "sp_acousticness": {
        "mean": 0.26175442197014925,
        "std": 0.30506584683529187,
        "var": 0.09306517090533377,
        "min": 1.01e-06,
        "max": 0.995,
        "median": 0.111
    },
    "sp_danceability": {
        "mean": 0.5242189467755562,
        "std": 0.15900724458066595,
        "var": 0.02528330382913572,
        "min": 0.0,
        "max": 0.978,
        "median": 0.527
    },
    "sp_duration_ms": {
        "mean": 251336.70374542382,
        "std": 81134.71735133402,
        "var": 6582842359.680861,
        "min": 35587.0,
        "max": 1449973.0,
        "median": 239000.0
    },
    "sp_energy": {
        "mean": 0.6221680613855252,
        "std": 0.24617609317293826,
        "var": 0.060602668849891184,
        "min": 2.03e-05,
        "max": 0.999,
        "median": 0.651
    },
    "sp_instrumentalness": {
        "mean": 0.08440134784961983,
        "std": 0.20886638286214346,
        "var": 0.04362516588991549,
        "min": 0.0,
        "max": 0.983,
        "median": 0.000189
    },
    "sp_key": {
        "mean": 5.250577302168403,
        "std": 3.5621068188877474,
        "var": 12.688604989166588,
        "min": 0.0,
        "max": 11.0,
        "median": 5.0
    },
    "sp_liveness": {
        "mean": 0.18776840326668545,
        "std": 0.15573114493366597,
        "var": 0.024252189502350474,
        "min": 0.0136,
        "max": 1.0,
        "median": 0.125
    },
    "sp_loudness": {
        "mean": -8.454741143339904,
        "std": 3.975389899234016,
        "var": 15.80372485093184,
        "min": -46.284,
        "max": 3.744,
        "median": -7.641
    },
    "sp_mode": {
        "mean": 0.6823430019712757,
        "std": 0.46556527966774264,
        "var": 0.2167510296321034,
        "min": 0.0,
        "max": 1.0,
        "median": 1.0
    },
    "sp_speechiness": {
        "mean": 0.060474491692480994,
        "std": 0.0631772076388323,
        "var": 0.003991359565040131,
        "min": 0.0,
        "max": 0.954,
        "median": 0.0387
    },
    "sp_tempo": {
        "mean": 122.01984759222753,
        "std": 29.231330774612953,
        "var": 854.4706988548344,
        "min": 0.0,
        "max": 217.52,
        "median": 120.116
    },
    "sp_time_sig": {
        "mean": 3.9017741481272883,
        "std": 0.368018441551651,
        "var": 0.13543757332210593,
        "min": 0.0,
        "max": 5.0,
        "median": 4.0
    },
    "sp_valence": {
        "mean": 0.46087175443537026,
        "std": 0.24808532317199083,
        "var": 0.061546327573351135,
        "min": 0.0,
        "max": 0.984,
        "median": 0.436
    },
    "sp_popularity": {
        "mean": 34.16248943959448,
        "std": 16.677537421983494,
        "var": 278.1402544616598,
        "min": 0.0,
        "max": 84.0,
        "median": 33.0
    },
    "MSD_artist_familiarity": {
        "mean": 0.7363292055656403,
        "std": 0.09821700319083267,
        "var": 0.009646579715788035,
        "min": 0.0,
        "max": 1.0,
        "median": 0.744734766782699
    },
    "MSD_artist_hotttnesss": {
        "mean": 0.5276764919730423,
        "std": 0.10268833460723388,
        "var": 0.010544894064407229,
        "min": 0.0,
        "max": 1.0825025567261235,
        "median": 0.5227200942029631
    },
    "MSD_danceability": {
        "mean": 0.0,
        "std": 0.0,
        "var": 0.0,
        "min": 0.0,
        "max": 0.0,
        "median": 0.0
    },
    "MSD_energy": {
        "mean": 0.0,
        "std": 0.0,
        "var": 0.0,
        "min": 0.0,
        "max": 0.0,
        "median": 0.0
    },
    "MSD_key": {
        "mean": 5.254350887074064,
        "std": 3.5670458232323488,
        "var": 12.723815905039343,
        "min": 0.0,
        "max": 11.0,
        "median": 5.0
    },
    "MSD_key_confidence": {
        "mean": 0.4726515347789355,
        "std": 0.26934942732188993,
        "var": 0.07254911399863008,
        "min": 0.0,
        "max": 1.0,
        "median": 0.492
    },
    "MSD_loudness": {
        "mean": -8.75481199662067,
        "std": 4.039140047457668,
        "var": 16.31465232297633,
        "min": -34.022,
        "max": -0.227,
        "median": -7.881
    },
    "MSD_mode": {
        "mean": 0.675922275415376,
        "std": 0.4680292223918039,
        "var": 0.21905135301267664,
        "min": 0.0,
        "max": 1.0,
        "median": 1.0
    },
    "MSD_mode_confidence": {
        "mean": 0.5082263587721769,
        "std": 0.18676113126142593,
        "var": 0.03487972015004757,
        "min": 0.0,
        "max": 1.0,
        "median": 0.519
    },
    "MSD_tempo": {
        "mean": 122.99442900591384,
        "std": 32.09843533297871,
        "var": 1030.309550825416,
        "min": 0.0,
        "max": 262.412,
        "median": 120.752
    },
    "MSD_time_signature": {
        "mean": 3.721993804562095,
        "std": 1.0330980336499669,
        "var": 1.0672915471314282,
        "min": 0.0,
        "max": 7.0,
        "median": 4.0
    },
    "MSD_time_signature_confidence": {
        "mean": 0.5543238524359335,
        "std": 0.3580008865104125,
        "var": 0.12816463474224124,
        "min": 0.0,
        "max": 1.0,
        "median": 0.606
    }
}