{
    "count": 33742,
    "valence": {
        "mean": 0.07451241034911937,
        "std": 0.34982985318604276,
        "var": 0.12238092618016821,
        "min": -1.0,
        "max": 1.0,
        "median": 0.086
    },
    "arousal": {
        "mean": 0.24103947602394687,
        "std": 0.2994728593398883,
        "var": 0.08968399348120852,
        "min": -1.0,
        "max": 1.0,
        "median": 0.219
    }
}