{
    "count": 33736,
    "valence": {
        "mean": 0.07455869842304921,
        "std": 0.349917139905557,
        "var": 0.12244200479968517,
        "min": -1.0,
        "max": 1.0,
        "median": 0.086
    },
    "arousal": {
        "mean": 0.24108750790451394,
        "std": 0.2996529839511737,
        "var": 0.08979191079084234,
        "min": -1.0,
        "max": 1.0,
        "median": 0.219
    }
}