{
    "count": 33728,
    "valence": {
        "mean": 0.07465977328431338,
        "std": 0.3499551951681529,
        "var": 0.12246863862517995,
        "min": -1.0,
        "max": 1.0,
        "median": 0.086125
    },
    "arousal": {
        "mean": 0.24112431807400475,
        "std": 0.29964171415451546,
        "var": 0.08978515686145636,
        "min": -1.0,
        "max": 1.0,
        "median": 0.219
    }
}