{
    "count": 33704,
    "valence": {
        "mean": 0.07480807421473158,
        "std": 0.35008318916680703,
        "var": 0.1225582393372024,
        "min": -1.0,
        "max": 1.0,
        "median": 0.0876666666667
    },
    "arousal": {
        "mean": 0.24112807332463077,
        "std": 0.2994429145695624,
        "var": 0.08966605908591425,
        "min": -1.0,
        "max": 1.0,
        "median": 0.219
    }
}