{
    "count": 33657,
    "valence": {
        "mean": 0.07514731705143038,
        "std": 0.3502989763036242,
        "var": 0.1227093727993671,
        "min": -1.0,
        "max": 1.0,
        "median": 0.088
    },
    "arousal": {
        "mean": 0.24135908825306274,
        "std": 0.29952733028756345,
        "var": 0.08971662158919512,
        "min": -1.0,
        "max": 1.0,
        "median": 0.219
    }
}