{
    "count": 33618,
    "valence": {
        "mean": 0.07518436056081057,
        "std": 0.35053146693777504,
        "var": 0.12287230931354846,
        "min": -1.0,
        "max": 1.0,
        "median": 0.0883333333333
    },
    "arousal": {
        "mean": 0.24168972475063003,
        "std": 0.2993357976033221,
        "var": 0.08960191972681698,
        "min": -1.0,
        "max": 1.0,
        "median": 0.219
    }
}