{
    "count": 33570,
    "valence": {
        "mean": 0.07528624764174376,
        "std": 0.3503085143373449,
        "var": 0.12271605521723777,
        "min": -1.0,
        "max": 1.0,
        "median": 0.089
    },
    "arousal": {
        "mean": 0.24187642240095356,
        "std": 0.29967578611308304,
        "var": 0.08980557678249429,
        "min": -1.0,
        "max": 1.0,
        "median": 0.219
    }
}