{
    "count": 33747,
    "valence": {
        "mean": 0.07451677186120213,
        "std": 0.3498090708111603,
        "var": 0.12236638602176736,
        "min": -1.0,
        "max": 1.0,
        "median": 0.086
    },
    "arousal": {
        "mean": 0.24098001056884052,
        "std": 0.29936128549844354,
        "var": 0.08961717925528064,
        "min": -1.0,
        "max": 1.0,
        "median": 0.219
    }
}